{
    "Tokens": {
        "correct": 662,
        "gold_total": 662,
        "system_total": 662,
        "aligned_total": null,
        "precision": 1.0,
        "recall": 1.0,
        "f1": 1.0,
        "aligned_accuracy": null
    },
    "Sentences": {
        "correct": 131,
        "gold_total": 131,
        "system_total": 131,
        "aligned_total": null,
        "precision": 1.0,
        "recall": 1.0,
        "f1": 1.0,
        "aligned_accuracy": null
    },
    "Words": {
        "correct": 662,
        "gold_total": 662,
        "system_total": 662,
        "aligned_total": null,
        "precision": 1.0,
        "recall": 1.0,
        "f1": 1.0,
        "aligned_accuracy": null
    },
    "UPOS": {
        "correct": 0,
        "gold_total": 662,
        "system_total": 662,
        "aligned_total": 662,
        "precision": 0.0,
        "recall": 0.0,
        "f1": 0.0,
        "aligned_accuracy": 0.0
    },
    "XPOS": {
        "correct": 0,
        "gold_total": 662,
        "system_total": 662,
        "aligned_total": 662,
        "precision": 0.0,
        "recall": 0.0,
        "f1": 0.0,
        "aligned_accuracy": 0.0
    },
    "UFeats": {
        "correct": 652,
        "gold_total": 662,
        "system_total": 662,
        "aligned_total": 662,
        "precision": 0.9848942598187311,
        "recall": 0.9848942598187311,
        "f1": 0.9848942598187311,
        "aligned_accuracy": 0.9848942598187311
    },
    "AllTags": {
        "correct": 0,
        "gold_total": 662,
        "system_total": 662,
        "aligned_total": 662,
        "precision": 0.0,
        "recall": 0.0,
        "f1": 0.0,
        "aligned_accuracy": 0.0
    },
    "Lemmas": {
        "correct": 662,
        "gold_total": 662,
        "system_total": 662,
        "aligned_total": 662,
        "precision": 1.0,
        "recall": 1.0,
        "f1": 1.0,
        "aligned_accuracy": 1.0
    },
    "UAS": {
        "correct": 528,
        "gold_total": 662,
        "system_total": 662,
        "aligned_total": 662,
        "precision": 0.797583081570997,
        "recall": 0.797583081570997,
        "f1": 0.797583081570997,
        "aligned_accuracy": 0.797583081570997
    },
    "LAS": {
        "correct": 88,
        "gold_total": 662,
        "system_total": 662,
        "aligned_total": 662,
        "precision": 0.13293051359516617,
        "recall": 0.13293051359516617,
        "f1": 0.13293051359516617,
        "aligned_accuracy": 0.13293051359516617
    },
    "CLAS": {
        "correct": 86,
        "gold_total": 491,
        "system_total": 488,
        "aligned_total": 491,
        "precision": 0.1762295081967213,
        "recall": 0.17515274949083504,
        "f1": 0.17568947906026558,
        "aligned_accuracy": 0.17515274949083504
    },
    "MLAS": {
        "correct": 0,
        "gold_total": 491,
        "system_total": 488,
        "aligned_total": 491,
        "precision": 0.0,
        "recall": 0.0,
        "f1": 0.0,
        "aligned_accuracy": 0.0
    },
    "BLEX": {
        "correct": 86,
        "gold_total": 491,
        "system_total": 488,
        "aligned_total": 491,
        "precision": 0.1762295081967213,
        "recall": 0.17515274949083504,
        "f1": 0.17568947906026558,
        "aligned_accuracy": 0.17515274949083504
    }
}