{
    "Tokens": {
        "correct": 662,
        "gold_total": 662,
        "system_total": 662,
        "aligned_total": null,
        "precision": 1.0,
        "recall": 1.0,
        "f1": 1.0,
        "aligned_accuracy": null
    },
    "Sentences": {
        "correct": 131,
        "gold_total": 131,
        "system_total": 131,
        "aligned_total": null,
        "precision": 1.0,
        "recall": 1.0,
        "f1": 1.0,
        "aligned_accuracy": null
    },
    "Words": {
        "correct": 662,
        "gold_total": 662,
        "system_total": 662,
        "aligned_total": null,
        "precision": 1.0,
        "recall": 1.0,
        "f1": 1.0,
        "aligned_accuracy": null
    },
    "UPOS": {
        "correct": 0,
        "gold_total": 662,
        "system_total": 662,
        "aligned_total": 662,
        "precision": 0.0,
        "recall": 0.0,
        "f1": 0.0,
        "aligned_accuracy": 0.0
    },
    "XPOS": {
        "correct": 0,
        "gold_total": 662,
        "system_total": 662,
        "aligned_total": 662,
        "precision": 0.0,
        "recall": 0.0,
        "f1": 0.0,
        "aligned_accuracy": 0.0
    },
    "UFeats": {
        "correct": 652,
        "gold_total": 662,
        "system_total": 662,
        "aligned_total": 662,
        "precision": 0.9848942598187311,
        "recall": 0.9848942598187311,
        "f1": 0.9848942598187311,
        "aligned_accuracy": 0.9848942598187311
    },
    "AllTags": {
        "correct": 0,
        "gold_total": 662,
        "system_total": 662,
        "aligned_total": 662,
        "precision": 0.0,
        "recall": 0.0,
        "f1": 0.0,
        "aligned_accuracy": 0.0
    },
    "Lemmas": {
        "correct": 662,
        "gold_total": 662,
        "system_total": 662,
        "aligned_total": 662,
        "precision": 1.0,
        "recall": 1.0,
        "f1": 1.0,
        "aligned_accuracy": 1.0
    },
    "UAS": {
        "correct": 529,
        "gold_total": 662,
        "system_total": 662,
        "aligned_total": 662,
        "precision": 0.7990936555891238,
        "recall": 0.7990936555891238,
        "f1": 0.7990936555891238,
        "aligned_accuracy": 0.7990936555891238
    },
    "LAS": {
        "correct": 89,
        "gold_total": 662,
        "system_total": 662,
        "aligned_total": 662,
        "precision": 0.13444108761329304,
        "recall": 0.13444108761329304,
        "f1": 0.13444108761329304,
        "aligned_accuracy": 0.13444108761329304
    },
    "CLAS": {
        "correct": 87,
        "gold_total": 491,
        "system_total": 488,
        "aligned_total": 491,
        "precision": 0.17827868852459017,
        "recall": 0.17718940936863545,
        "f1": 0.177732379979571,
        "aligned_accuracy": 0.17718940936863545
    },
    "MLAS": {
        "correct": 0,
        "gold_total": 491,
        "system_total": 488,
        "aligned_total": 491,
        "precision": 0.0,
        "recall": 0.0,
        "f1": 0.0,
        "aligned_accuracy": 0.0
    },
    "BLEX": {
        "correct": 87,
        "gold_total": 491,
        "system_total": 488,
        "aligned_total": 491,
        "precision": 0.17827868852459017,
        "recall": 0.17718940936863545,
        "f1": 0.177732379979571,
        "aligned_accuracy": 0.17718940936863545
    }
}