{
    "Tokens": {
        "correct": 662,
        "gold_total": 662,
        "system_total": 662,
        "aligned_total": null,
        "precision": 1.0,
        "recall": 1.0,
        "f1": 1.0,
        "aligned_accuracy": null
    },
    "Sentences": {
        "correct": 131,
        "gold_total": 131,
        "system_total": 131,
        "aligned_total": null,
        "precision": 1.0,
        "recall": 1.0,
        "f1": 1.0,
        "aligned_accuracy": null
    },
    "Words": {
        "correct": 662,
        "gold_total": 662,
        "system_total": 662,
        "aligned_total": null,
        "precision": 1.0,
        "recall": 1.0,
        "f1": 1.0,
        "aligned_accuracy": null
    },
    "UPOS": {
        "correct": 0,
        "gold_total": 662,
        "system_total": 662,
        "aligned_total": 662,
        "precision": 0.0,
        "recall": 0.0,
        "f1": 0.0,
        "aligned_accuracy": 0.0
    },
    "XPOS": {
        "correct": 0,
        "gold_total": 662,
        "system_total": 662,
        "aligned_total": 662,
        "precision": 0.0,
        "recall": 0.0,
        "f1": 0.0,
        "aligned_accuracy": 0.0
    },
    "UFeats": {
        "correct": 652,
        "gold_total": 662,
        "system_total": 662,
        "aligned_total": 662,
        "precision": 0.9848942598187311,
        "recall": 0.9848942598187311,
        "f1": 0.9848942598187311,
        "aligned_accuracy": 0.9848942598187311
    },
    "AllTags": {
        "correct": 0,
        "gold_total": 662,
        "system_total": 662,
        "aligned_total": 662,
        "precision": 0.0,
        "recall": 0.0,
        "f1": 0.0,
        "aligned_accuracy": 0.0
    },
    "Lemmas": {
        "correct": 662,
        "gold_total": 662,
        "system_total": 662,
        "aligned_total": 662,
        "precision": 1.0,
        "recall": 1.0,
        "f1": 1.0,
        "aligned_accuracy": 1.0
    },
    "UAS": {
        "correct": 528,
        "gold_total": 662,
        "system_total": 662,
        "aligned_total": 662,
        "precision": 0.797583081570997,
        "recall": 0.797583081570997,
        "f1": 0.797583081570997,
        "aligned_accuracy": 0.797583081570997
    },
    "LAS": {
        "correct": 86,
        "gold_total": 662,
        "system_total": 662,
        "aligned_total": 662,
        "precision": 0.1299093655589124,
        "recall": 0.1299093655589124,
        "f1": 0.1299093655589124,
        "aligned_accuracy": 0.1299093655589124
    },
    "CLAS": {
        "correct": 84,
        "gold_total": 491,
        "system_total": 487,
        "aligned_total": 491,
        "precision": 0.17248459958932238,
        "recall": 0.1710794297352342,
        "f1": 0.17177914110429449,
        "aligned_accuracy": 0.1710794297352342
    },
    "MLAS": {
        "correct": 0,
        "gold_total": 491,
        "system_total": 487,
        "aligned_total": 491,
        "precision": 0.0,
        "recall": 0.0,
        "f1": 0.0,
        "aligned_accuracy": 0.0
    },
    "BLEX": {
        "correct": 84,
        "gold_total": 491,
        "system_total": 487,
        "aligned_total": 491,
        "precision": 0.17248459958932238,
        "recall": 0.1710794297352342,
        "f1": 0.17177914110429449,
        "aligned_accuracy": 0.1710794297352342
    }
}